,File,ID,File_Timestamp,File_Date,File_Time,S3_Timestamp,S3_Date,S3_Time,Time_Bin
71,Analysis/Voice/2025/04/07/cf6c558b-b662-41df-9bb7-40e6021600ee_analysis_2025-04-07T22:56:01Z.json,cf6c558b-b662-41df-9bb7-40e6021600ee,2025-04-07 22:56:01,2025-04-07,22:56:01,2025-04-07 23:01:27+00:00,2025-04-07,23:01:27,2025-04-07 22:00:00
70,Analysis/Voice/2025/04/07/58b60fd8-3994-44c1-8d01-7682c86495a0_analysis_2025-04-07T22:54:19Z.json,58b60fd8-3994-44c1-8d01-7682c86495a0,2025-04-07 22:54:19,2025-04-07,22:54:19,2025-04-07 22:59:46+00:00,2025-04-07,22:59:46,2025-04-07 22:00:00
69,Analysis/Voice/2025/04/07/e936dacb-7470-4aca-a330-d51efe4bdda7_analysis_2025-04-07T22:38:06Z.json,e936dacb-7470-4aca-a330-d51efe4bdda7,2025-04-07 22:38:06,2025-04-07,22:38:06,2025-04-07 22:43:08+00:00,2025-04-07,22:43:08,2025-04-07 22:00:00
68,Analysis/Voice/2025/04/07/c86ad7f6-73e9-40f7-95f6-ddcb22b110c6_analysis_2025-04-07T22:36:25Z.json,c86ad7f6-73e9-40f7-95f6-ddcb22b110c6,2025-04-07 22:36:25,2025-04-07,22:36:25,2025-04-07 22:42:59+00:00,2025-04-07,22:42:59,2025-04-07 22:00:00
67,Analysis/Voice/2025/04/07/593a963b-ac8e-471d-adb5-be38634c0de2_analysis_2025-04-07T22:34:59Z.json,593a963b-ac8e-471d-adb5-be38634c0de2,2025-04-07 22:34:59,2025-04-07,22:34:59,2025-04-07 22:41:53+00:00,2025-04-07,22:41:53,2025-04-07 22:00:00
66,Analysis/Voice/2025/04/07/17228774-5087-443d-bf13-5503d010d7e9_analysis_2025-04-07T22:33:37Z.json,17228774-5087-443d-bf13-5503d010d7e9,2025-04-07 22:33:37,2025-04-07,22:33:37,2025-04-07 22:40:22+00:00,2025-04-07,22:40:22,2025-04-07 22:00:00
65,Analysis/Voice/2025/04/07/496f45e3-02ef-4043-9ce8-7bec1c49251e_analysis_2025-04-07T22:31:46Z.json,496f45e3-02ef-4043-9ce8-7bec1c49251e,2025-04-07 22:31:46,2025-04-07,22:31:46,2025-04-07 22:36:49+00:00,2025-04-07,22:36:49,2025-04-07 22:00:00
64,Analysis/Voice/2025/04/07/9d25c685-c5ca-4f63-afcd-c95f93b1bb83_analysis_2025-04-07T22:30:56Z.json,9d25c685-c5ca-4f63-afcd-c95f93b1bb83,2025-04-07 22:30:56,2025-04-07,22:30:56,2025-04-07 22:37:09+00:00,2025-04-07,22:37:09,2025-04-07 22:00:00
63,Analysis/Voice/2025/04/07/77240c4c-37dd-4424-88cc-fadbdac527dd_analysis_2025-04-07T22:30:23Z.json,77240c4c-37dd-4424-88cc-fadbdac527dd,2025-04-07 22:30:23,2025-04-07,22:30:23,2025-04-07 22:35:30+00:00,2025-04-07,22:35:30,2025-04-07 22:00:00
62,Analysis/Voice/2025/04/07/a30cd39f-a46d-4be2-a871-a3d360d8386d_analysis_2025-04-07T22:28:50Z.json,a30cd39f-a46d-4be2-a871-a3d360d8386d,2025-04-07 22:28:50,2025-04-07,22:28:50,2025-04-07 22:34:37+00:00,2025-04-07,22:34:37,2025-04-07 22:00:00
61,Analysis/Voice/2025/04/07/336b064b-7c5c-441d-9c60-fb3747a3598a_analysis_2025-04-07T22:24:49Z.json,336b064b-7c5c-441d-9c60-fb3747a3598a,2025-04-07 22:24:49,2025-04-07,22:24:49,2025-04-07 22:30:13+00:00,2025-04-07,22:30:13,2025-04-07 22:00:00
60,Analysis/Voice/2025/04/07/e1250ed1-44b0-462e-a13a-4982ab83c5a3_analysis_2025-04-07T22:24:03Z.json,e1250ed1-44b0-462e-a13a-4982ab83c5a3,2025-04-07 22:24:03,2025-04-07,22:24:03,2025-04-07 22:29:46+00:00,2025-04-07,22:29:46,2025-04-07 22:00:00
59,Analysis/Voice/2025/04/07/ef9b66cd-7329-44d8-8a43-582797708aff_analysis_2025-04-07T22:23:03Z.json,ef9b66cd-7329-44d8-8a43-582797708aff,2025-04-07 22:23:03,2025-04-07,22:23:03,2025-04-07 22:27:54+00:00,2025-04-07,22:27:54,2025-04-07 22:00:00
58,Analysis/Voice/2025/04/07/f74408e7-fc80-4854-bfd2-1236f203ba87_analysis_2025-04-07T22:14:33Z.json,f74408e7-fc80-4854-bfd2-1236f203ba87,2025-04-07 22:14:33,2025-04-07,22:14:33,2025-04-07 22:21:40+00:00,2025-04-07,22:21:40,2025-04-07 22:00:00
57,Analysis/Voice/2025/04/07/7b2eacce-a9ef-4673-995a-d4dacd2c27c8_analysis_2025-04-07T22:11:29Z.json,7b2eacce-a9ef-4673-995a-d4dacd2c27c8,2025-04-07 22:11:29,2025-04-07,22:11:29,2025-04-07 22:18:53+00:00,2025-04-07,22:18:53,2025-04-07 22:00:00
56,Analysis/Voice/2025/04/07/3e8ee191-5c87-4b80-9211-e53b6d211917_analysis_2025-04-07T22:05:37Z.json,3e8ee191-5c87-4b80-9211-e53b6d211917,2025-04-07 22:05:37,2025-04-07,22:05:37,2025-04-07 22:11:51+00:00,2025-04-07,22:11:51,2025-04-07 22:00:00
55,Analysis/Voice/2025/04/07/02cebabe-0210-4a49-9cc2-5988cab02883_analysis_2025-04-07T22:02:48Z.json,02cebabe-0210-4a49-9cc2-5988cab02883,2025-04-07 22:02:48,2025-04-07,22:02:48,2025-04-07 22:09:41+00:00,2025-04-07,22:09:41,2025-04-07 22:00:00
54,Analysis/Voice/2025/04/07/801c86be-75d6-4366-8167-b9ad0a7c92e9_analysis_2025-04-07T22:01:36Z.json,801c86be-75d6-4366-8167-b9ad0a7c92e9,2025-04-07 22:01:36,2025-04-07,22:01:36,2025-04-07 22:06:09+00:00,2025-04-07,22:06:09,2025-04-07 22:00:00
53,Analysis/Voice/2025/04/07/c6c1dbd6-b91e-420f-a452-c01cb556d0e0_analysis_2025-04-07T22:00:52Z.json,c6c1dbd6-b91e-420f-a452-c01cb556d0e0,2025-04-07 22:00:52,2025-04-07,22:00:52,2025-04-07 22:07:18+00:00,2025-04-07,22:07:18,2025-04-07 22:00:00
52,Analysis/Voice/2025/04/07/a4437b5c-b97e-43de-9ba2-2ae4338a16b5_analysis_2025-04-07T22:00:44Z.json,a4437b5c-b97e-43de-9ba2-2ae4338a16b5,2025-04-07 22:00:44,2025-04-07,22:00:44,2025-04-07 22:06:15+00:00,2025-04-07,22:06:15,2025-04-07 22:00:00
51,Analysis/Voice/2025/04/07/88d3ea79-b615-4563-b318-0b9df8c4de86_analysis_2025-04-07T22:00:16Z.json,88d3ea79-b615-4563-b318-0b9df8c4de86,2025-04-07 22:00:16,2025-04-07,22:00:16,2025-04-07 22:04:08+00:00,2025-04-07,22:04:08,2025-04-07 22:00:00
72,Analysis/Voice/2025/04/07/ae7133fa-b53f-4ae8-97f7-1628b9719d6f_analysis_2025-04-07T21:59:46Z.json,ae7133fa-b53f-4ae8-97f7-1628b9719d6f,2025-04-07 21:59:46,2025-04-07,21:59:46,2025-04-07 22:05:57+00:00,2025-04-07,22:05:57,2025-04-07 20:00:00
73,Analysis/Voice/2025/04/07/184ab1ff-c6f4-44c3-b296-c0e54e73d99b_analysis_2025-04-07T21:59:21Z.json,184ab1ff-c6f4-44c3-b296-c0e54e73d99b,2025-04-07 21:59:21,2025-04-07,21:59:21,2025-04-07 22:06:18+00:00,2025-04-07,22:06:18,2025-04-07 20:00:00
74,Analysis/Voice/2025/04/07/777526a4-8e75-4cb0-bded-af85bade32a5_analysis_2025-04-07T21:58:44Z.json,777526a4-8e75-4cb0-bded-af85bade32a5,2025-04-07 21:58:44,2025-04-07,21:58:44,2025-04-07 22:05:09+00:00,2025-04-07,22:05:09,2025-04-07 20:00:00
75,Analysis/Voice/2025/04/07/eb949f1b-0602-463e-93ea-69933e1c356e_analysis_2025-04-07T21:57:37Z.json,eb949f1b-0602-463e-93ea-69933e1c356e,2025-04-07 21:57:37,2025-04-07,21:57:37,2025-04-07 22:03:36+00:00,2025-04-07,22:03:36,2025-04-07 20:00:00
97,Analysis/Voice/2025/04/07/0f655265-687d-45d3-accd-620fd46223da_analysis_2025-04-07T21:56:52Z.json,0f655265-687d-45d3-accd-620fd46223da,2025-04-07 21:56:52,2025-04-07,21:56:52,2025-04-07 22:02:08+00:00,2025-04-07,22:02:08,2025-04-07 20:00:00
96,Analysis/Voice/2025/04/07/3ce13e24-e14f-4cd1-a19e-6b098fcec619_analysis_2025-04-07T21:54:47Z.json,3ce13e24-e14f-4cd1-a19e-6b098fcec619,2025-04-07 21:54:47,2025-04-07,21:54:47,2025-04-07 22:00:43+00:00,2025-04-07,22:00:43,2025-04-07 20:00:00
95,Analysis/Voice/2025/04/07/751a66ad-cc67-4895-aae7-9c780c680526_analysis_2025-04-07T21:54:06Z.json,751a66ad-cc67-4895-aae7-9c780c680526,2025-04-07 21:54:06,2025-04-07,21:54:06,2025-04-07 21:58:59+00:00,2025-04-07,21:58:59,2025-04-07 20:00:00
94,Analysis/Voice/2025/04/07/2928f13e-e174-4b48-a0de-b467a956e87d_analysis_2025-04-07T21:53:38Z.json,2928f13e-e174-4b48-a0de-b467a956e87d,2025-04-07 21:53:38,2025-04-07,21:53:38,2025-04-07 22:00:05+00:00,2025-04-07,22:00:05,2025-04-07 20:00:00
93,Analysis/Voice/2025/04/07/76da8096-6a17-4e7c-b754-af92f07ce656_analysis_2025-04-07T21:52:27Z.json,76da8096-6a17-4e7c-b754-af92f07ce656,2025-04-07 21:52:27,2025-04-07,21:52:27,2025-04-07 21:58:22+00:00,2025-04-07,21:58:22,2025-04-07 20:00:00
92,Analysis/Voice/2025/04/07/4ae44c37-d4dd-46cc-97f8-6f5faa14384f_analysis_2025-04-07T21:47:48Z.json,4ae44c37-d4dd-46cc-97f8-6f5faa14384f,2025-04-07 21:47:48,2025-04-07,21:47:48,2025-04-07 21:55:17+00:00,2025-04-07,21:55:17,2025-04-07 20:00:00
91,Analysis/Voice/2025/04/07/cc7cea44-7eba-4bfd-adf8-61e707b08354_analysis_2025-04-07T21:46:48Z.json,cc7cea44-7eba-4bfd-adf8-61e707b08354,2025-04-07 21:46:48,2025-04-07,21:46:48,2025-04-07 21:52:56+00:00,2025-04-07,21:52:56,2025-04-07 20:00:00
90,Analysis/Voice/2025/04/07/36fc9e62-de54-4eb4-8640-947294865f9e_analysis_2025-04-07T21:46:32Z.json,36fc9e62-de54-4eb4-8640-947294865f9e,2025-04-07 21:46:32,2025-04-07,21:46:32,2025-04-07 21:53:28+00:00,2025-04-07,21:53:28,2025-04-07 20:00:00
89,Analysis/Voice/2025/04/07/72abdd6e-7261-4661-b8ff-3cbf3dc1e0b7_analysis_2025-04-07T21:46:05Z.json,72abdd6e-7261-4661-b8ff-3cbf3dc1e0b7,2025-04-07 21:46:05,2025-04-07,21:46:05,2025-04-07 21:52:00+00:00,2025-04-07,21:52:00,2025-04-07 20:00:00
88,Analysis/Voice/2025/04/07/ee49368f-6d85-4578-b6b4-f921b1afd97b_analysis_2025-04-07T21:45:13Z.json,ee49368f-6d85-4578-b6b4-f921b1afd97b,2025-04-07 21:45:13,2025-04-07,21:45:13,2025-04-07 21:51:32+00:00,2025-04-07,21:51:32,2025-04-07 20:00:00
98,Analysis/Voice/2025/04/07/705e8a1b-bb65-4f07-af38-0a7c3335ba03_analysis_2025-04-07T21:43:46Z.json,705e8a1b-bb65-4f07-af38-0a7c3335ba03,2025-04-07 21:43:46,2025-04-07,21:43:46,2025-04-07 21:49:48+00:00,2025-04-07,21:49:48,2025-04-07 20:00:00
87,Analysis/Voice/2025/04/07/b46bc8f3-fa23-4686-9e9f-31bf27c8f127_analysis_2025-04-07T21:41:25Z.json,b46bc8f3-fa23-4686-9e9f-31bf27c8f127,2025-04-07 21:41:25,2025-04-07,21:41:25,2025-04-07 21:45:28+00:00,2025-04-07,21:45:28,2025-04-07 20:00:00
85,Analysis/Voice/2025/04/07/e5440692-4cd3-4e72-9af2-e60abebe5c40_analysis_2025-04-07T21:41:02Z.json,e5440692-4cd3-4e72-9af2-e60abebe5c40,2025-04-07 21:41:02,2025-04-07,21:41:02,2025-04-07 21:45:03+00:00,2025-04-07,21:45:03,2025-04-07 20:00:00
84,Analysis/Voice/2025/04/07/550ba547-7c58-47f6-9442-bdfa15b3bae7_analysis_2025-04-07T21:40:42Z.json,550ba547-7c58-47f6-9442-bdfa15b3bae7,2025-04-07 21:40:42,2025-04-07,21:40:42,2025-04-07 21:48:03+00:00,2025-04-07,21:48:03,2025-04-07 20:00:00
83,Analysis/Voice/2025/04/07/9c8f280e-2acd-489c-9441-eff50ab26609_analysis_2025-04-07T21:40:16Z.json,9c8f280e-2acd-489c-9441-eff50ab26609,2025-04-07 21:40:16,2025-04-07,21:40:16,2025-04-07 21:47:07+00:00,2025-04-07,21:47:07,2025-04-07 20:00:00
82,Analysis/Voice/2025/04/07/324632c3-b03e-4a35-960d-d8f0d106e7e3_analysis_2025-04-07T21:40:04Z.json,324632c3-b03e-4a35-960d-d8f0d106e7e3,2025-04-07 21:40:04,2025-04-07,21:40:04,2025-04-07 21:45:27+00:00,2025-04-07,21:45:27,2025-04-07 20:00:00
81,Analysis/Voice/2025/04/07/be3610f8-d119-45f1-bfc4-3fa7f1ef9f33_analysis_2025-04-07T21:39:37Z.json,be3610f8-d119-45f1-bfc4-3fa7f1ef9f33,2025-04-07 21:39:37,2025-04-07,21:39:37,2025-04-07 21:45:31+00:00,2025-04-07,21:45:31,2025-04-07 20:00:00
80,Analysis/Voice/2025/04/07/eed23f66-9800-4428-8f15-d57129f1dfe3_analysis_2025-04-07T21:39:30Z.json,eed23f66-9800-4428-8f15-d57129f1dfe3,2025-04-07 21:39:30,2025-04-07,21:39:30,2025-04-07 21:45:37+00:00,2025-04-07,21:45:37,2025-04-07 20:00:00
79,Analysis/Voice/2025/04/07/7197bcad-7dcb-4ad5-b1d2-a0a06dc3e49d_analysis_2025-04-07T21:39:11Z.json,7197bcad-7dcb-4ad5-b1d2-a0a06dc3e49d,2025-04-07 21:39:11,2025-04-07,21:39:11,2025-04-07 21:47:01+00:00,2025-04-07,21:47:01,2025-04-07 20:00:00
78,Analysis/Voice/2025/04/07/772a4737-2678-4735-8453-8b1326d6f51d_analysis_2025-04-07T21:36:56Z.json,772a4737-2678-4735-8453-8b1326d6f51d,2025-04-07 21:36:56,2025-04-07,21:36:56,2025-04-07 21:41:26+00:00,2025-04-07,21:41:26,2025-04-07 20:00:00
77,Analysis/Voice/2025/04/07/2fca56a3-a646-465f-8f20-1902d4e5d016_analysis_2025-04-07T21:36:04Z.json,2fca56a3-a646-465f-8f20-1902d4e5d016,2025-04-07 21:36:04,2025-04-07,21:36:04,2025-04-07 21:41:02+00:00,2025-04-07,21:41:02,2025-04-07 20:00:00
76,Analysis/Voice/2025/04/07/d7fd369d-3368-4b51-90ed-9ce829e5b926_analysis_2025-04-07T21:35:44Z.json,d7fd369d-3368-4b51-90ed-9ce829e5b926,2025-04-07 21:35:44,2025-04-07,21:35:44,2025-04-07 21:40:00+00:00,2025-04-07,21:40:00,2025-04-07 20:00:00
50,Analysis/Voice/2025/04/07/cb2fc9fb-ff2e-4546-b2b7-aaba1faee30e_analysis_2025-04-07T21:35:04Z.json,cb2fc9fb-ff2e-4546-b2b7-aaba1faee30e,2025-04-07 21:35:04,2025-04-07,21:35:04,2025-04-07 21:39:25+00:00,2025-04-07,21:39:25,2025-04-07 20:00:00
49,Analysis/Voice/2025/04/07/ab4f875a-8cf7-4a34-bbcd-1f798b0165b9_analysis_2025-04-07T21:34:34Z.json,ab4f875a-8cf7-4a34-bbcd-1f798b0165b9,2025-04-07 21:34:34,2025-04-07,21:34:34,2025-04-07 21:41:05+00:00,2025-04-07,21:41:05,2025-04-07 20:00:00
48,Analysis/Voice/2025/04/07/7bddc541-1802-4022-97ef-341b42776af9_analysis_2025-04-07T21:34:32Z.json,7bddc541-1802-4022-97ef-341b42776af9,2025-04-07 21:34:32,2025-04-07,21:34:32,2025-04-07 21:41:19+00:00,2025-04-07,21:41:19,2025-04-07 20:00:00
23,Analysis/Voice/2025/04/07/020473c1-6958-4b53-a68a-1934c29c2bde_analysis_2025-04-07T21:33:13Z.json,020473c1-6958-4b53-a68a-1934c29c2bde,2025-04-07 21:33:13,2025-04-07,21:33:13,2025-04-07 21:39:21+00:00,2025-04-07,21:39:21,2025-04-07 20:00:00
21,Analysis/Voice/2025/04/07/f02ff543-4dbe-47f5-b3ba-f810f9aa4d56_analysis_2025-04-07T21:32:50Z.json,f02ff543-4dbe-47f5-b3ba-f810f9aa4d56,2025-04-07 21:32:50,2025-04-07,21:32:50,2025-04-07 21:38:50+00:00,2025-04-07,21:38:50,2025-04-07 20:00:00
20,Analysis/Voice/2025/04/07/33e94dde-a137-4d00-981a-a9228405f34f_analysis_2025-04-07T21:32:33Z.json,33e94dde-a137-4d00-981a-a9228405f34f,2025-04-07 21:32:33,2025-04-07,21:32:33,2025-04-07 21:38:42+00:00,2025-04-07,21:38:42,2025-04-07 20:00:00
19,Analysis/Voice/2025/04/07/59a6b7bb-e7c9-4a96-ac17-3621c9607478_analysis_2025-04-07T21:31:40Z.json,59a6b7bb-e7c9-4a96-ac17-3621c9607478,2025-04-07 21:31:40,2025-04-07,21:31:40,2025-04-07 21:37:25+00:00,2025-04-07,21:37:25,2025-04-07 20:00:00
18,Analysis/Voice/2025/04/07/9d3343cc-613f-48ba-ac00-a016a9dacd63_analysis_2025-04-07T21:31:05Z.json,9d3343cc-613f-48ba-ac00-a016a9dacd63,2025-04-07 21:31:05,2025-04-07,21:31:05,2025-04-07 21:36:48+00:00,2025-04-07,21:36:48,2025-04-07 20:00:00
17,Analysis/Voice/2025/04/07/4ce55534-6681-4c1e-b23e-0b405b58ecf7_analysis_2025-04-07T21:31:01Z.json,4ce55534-6681-4c1e-b23e-0b405b58ecf7,2025-04-07 21:31:01,2025-04-07,21:31:01,2025-04-07 21:36:43+00:00,2025-04-07,21:36:43,2025-04-07 20:00:00
16,Analysis/Voice/2025/04/07/494f2349-ef60-44c5-9d1b-755c8b3a4ea0_analysis_2025-04-07T21:30:55Z.json,494f2349-ef60-44c5-9d1b-755c8b3a4ea0,2025-04-07 21:30:55,2025-04-07,21:30:55,2025-04-07 21:35:21+00:00,2025-04-07,21:35:21,2025-04-07 20:00:00
15,Analysis/Voice/2025/04/07/992d685d-2bce-4a40-8912-1a62019cd687_analysis_2025-04-07T21:29:52Z.json,992d685d-2bce-4a40-8912-1a62019cd687,2025-04-07 21:29:52,2025-04-07,21:29:52,2025-04-07 21:34:20+00:00,2025-04-07,21:34:20,2025-04-07 20:00:00
14,Analysis/Voice/2025/04/07/d9701c2c-d49b-4b15-a9fb-378595e4b457_analysis_2025-04-07T21:29:39Z.json,d9701c2c-d49b-4b15-a9fb-378595e4b457,2025-04-07 21:29:39,2025-04-07,21:29:39,2025-04-07 21:36:31+00:00,2025-04-07,21:36:31,2025-04-07 20:00:00
13,Analysis/Voice/2025/04/07/4ade2690-85b4-4143-89b6-feaa66ba08de_analysis_2025-04-07T21:29:18Z.json,4ade2690-85b4-4143-89b6-feaa66ba08de,2025-04-07 21:29:18,2025-04-07,21:29:18,2025-04-07 21:34:06+00:00,2025-04-07,21:34:06,2025-04-07 20:00:00
12,Analysis/Voice/2025/04/07/1ff31ae0-6e11-4787-b4eb-627a88b653d4_analysis_2025-04-07T21:26:10Z.json,1ff31ae0-6e11-4787-b4eb-627a88b653d4,2025-04-07 21:26:10,2025-04-07,21:26:10,2025-04-07 21:30:49+00:00,2025-04-07,21:30:49,2025-04-07 20:00:00
11,Analysis/Voice/2025/04/07/03b4d9b3-7e81-44b1-8e8f-ceeeb5b54040_analysis_2025-04-07T21:24:42Z.json,03b4d9b3-7e81-44b1-8e8f-ceeeb5b54040,2025-04-07 21:24:42,2025-04-07,21:24:42,2025-04-07 21:30:55+00:00,2025-04-07,21:30:55,2025-04-07 20:00:00
10,Analysis/Voice/2025/04/07/8ca8ea29-cc60-4dc1-bfa2-b6e8799a6369_analysis_2025-04-07T21:24:40Z.json,8ca8ea29-cc60-4dc1-bfa2-b6e8799a6369,2025-04-07 21:24:40,2025-04-07,21:24:40,2025-04-07 21:31:14+00:00,2025-04-07,21:31:14,2025-04-07 20:00:00
9,Analysis/Voice/2025/04/07/b4477be6-686b-4446-8c36-f25598cfb7ac_analysis_2025-04-07T21:23:35Z.json,b4477be6-686b-4446-8c36-f25598cfb7ac,2025-04-07 21:23:35,2025-04-07,21:23:35,2025-04-07 21:30:07+00:00,2025-04-07,21:30:07,2025-04-07 20:00:00
8,Analysis/Voice/2025/04/07/a2bf78d8-e291-4303-aafb-4e119fcbef22_analysis_2025-04-07T21:23:03Z.json,a2bf78d8-e291-4303-aafb-4e119fcbef22,2025-04-07 21:23:03,2025-04-07,21:23:03,2025-04-07 21:28:53+00:00,2025-04-07,21:28:53,2025-04-07 20:00:00
7,Analysis/Voice/2025/04/07/4e61891f-3d05-470c-9610-69d5fac6cc06_analysis_2025-04-07T21:20:21Z.json,4e61891f-3d05-470c-9610-69d5fac6cc06,2025-04-07 21:20:21,2025-04-07,21:20:21,2025-04-07 21:26:35+00:00,2025-04-07,21:26:35,2025-04-07 20:00:00
6,Analysis/Voice/2025/04/07/4c71a5a7-2a5a-457c-8e3b-9a8a50204d5d_analysis_2025-04-07T21:18:47Z.json,4c71a5a7-2a5a-457c-8e3b-9a8a50204d5d,2025-04-07 21:18:47,2025-04-07,21:18:47,2025-04-07 21:27:23+00:00,2025-04-07,21:27:23,2025-04-07 20:00:00
5,Analysis/Voice/2025/04/07/5c0016ba-43b8-4c93-b7a6-3d8eaf4b2cb7_analysis_2025-04-07T21:15:46Z.json,5c0016ba-43b8-4c93-b7a6-3d8eaf4b2cb7,2025-04-07 21:15:46,2025-04-07,21:15:46,2025-04-07 21:20:45+00:00,2025-04-07,21:20:45,2025-04-07 20:00:00
4,Analysis/Voice/2025/04/07/686be406-63c1-4137-b525-1ff83416c479_analysis_2025-04-07T21:15:40Z.json,686be406-63c1-4137-b525-1ff83416c479,2025-04-07 21:15:40,2025-04-07,21:15:40,2025-04-07 21:20:54+00:00,2025-04-07,21:20:54,2025-04-07 20:00:00
3,Analysis/Voice/2025/04/07/be57f1d3-0833-48f1-bb2b-3b18c9cb849f_analysis_2025-04-07T21:14:21Z.json,be57f1d3-0833-48f1-bb2b-3b18c9cb849f,2025-04-07 21:14:21,2025-04-07,21:14:21,2025-04-07 21:19:32+00:00,2025-04-07,21:19:32,2025-04-07 20:00:00
2,Analysis/Voice/2025/04/07/442e5cfb-69af-489e-a437-2136173ce7ae_analysis_2025-04-07T21:12:45Z.json,442e5cfb-69af-489e-a437-2136173ce7ae,2025-04-07 21:12:45,2025-04-07,21:12:45,2025-04-07 21:16:59+00:00,2025-04-07,21:16:59,2025-04-07 20:00:00
1,Analysis/Voice/2025/04/07/ca519e8b-2dc2-4c45-bd93-f2ea614616ea_analysis_2025-04-07T21:10:13Z.json,ca519e8b-2dc2-4c45-bd93-f2ea614616ea,2025-04-07 21:10:13,2025-04-07,21:10:13,2025-04-07 21:15:52+00:00,2025-04-07,21:15:52,2025-04-07 20:00:00
22,Analysis/Voice/2025/04/07/f488d0d9-e029-49a2-af90-ce3f32811c9e_analysis_2025-04-07T21:09:51Z.json,f488d0d9-e029-49a2-af90-ce3f32811c9e,2025-04-07 21:09:51,2025-04-07,21:09:51,2025-04-07 21:15:05+00:00,2025-04-07,21:15:05,2025-04-07 20:00:00
24,Analysis/Voice/2025/04/07/e58bdd9c-aee7-46be-b3d7-eef519a95638_analysis_2025-04-07T21:09:00Z.json,e58bdd9c-aee7-46be-b3d7-eef519a95638,2025-04-07 21:09:00,2025-04-07,21:09:00,2025-04-07 21:15:32+00:00,2025-04-07,21:15:32,2025-04-07 20:00:00
47,Analysis/Voice/2025/04/07/5804e0db-18d9-4e1a-93bf-597f28527678_analysis_2025-04-07T21:08:36Z.json,5804e0db-18d9-4e1a-93bf-597f28527678,2025-04-07 21:08:36,2025-04-07,21:08:36,2025-04-07 21:15:09+00:00,2025-04-07,21:15:09,2025-04-07 20:00:00
25,Analysis/Voice/2025/04/07/f84c034f-56c5-4812-bd7e-1cef5474c701_analysis_2025-04-07T21:07:06Z.json,f84c034f-56c5-4812-bd7e-1cef5474c701,2025-04-07 21:07:06,2025-04-07,21:07:06,2025-04-07 21:13:39+00:00,2025-04-07,21:13:39,2025-04-07 20:00:00
46,Analysis/Voice/2025/04/07/6473afdb-26a4-4f92-808a-eb35621ce750_analysis_2025-04-07T21:07:00Z.json,6473afdb-26a4-4f92-808a-eb35621ce750,2025-04-07 21:07:00,2025-04-07,21:07:00,2025-04-07 21:12:38+00:00,2025-04-07,21:12:38,2025-04-07 20:00:00
45,Analysis/Voice/2025/04/07/4f0bc029-449a-438e-882e-02dde28fed72_analysis_2025-04-07T21:06:58Z.json,4f0bc029-449a-438e-882e-02dde28fed72,2025-04-07 21:06:58,2025-04-07,21:06:58,2025-04-07 21:12:20+00:00,2025-04-07,21:12:20,2025-04-07 20:00:00
44,Analysis/Voice/2025/04/07/e3a8e5e7-a9e9-41a6-99e0-4daf937341b2_analysis_2025-04-07T21:06:53Z.json,e3a8e5e7-a9e9-41a6-99e0-4daf937341b2,2025-04-07 21:06:53,2025-04-07,21:06:53,2025-04-07 21:12:37+00:00,2025-04-07,21:12:37,2025-04-07 20:00:00
43,Analysis/Voice/2025/04/07/41d0ab57-3900-4903-8f7d-e9874e8690fd_analysis_2025-04-07T21:05:48Z.json,41d0ab57-3900-4903-8f7d-e9874e8690fd,2025-04-07 21:05:48,2025-04-07,21:05:48,2025-04-07 21:10:45+00:00,2025-04-07,21:10:45,2025-04-07 20:00:00
42,Analysis/Voice/2025/04/07/f4455cae-7c2a-493c-a03a-dbcb14240bcc_analysis_2025-04-07T21:04:17Z.json,f4455cae-7c2a-493c-a03a-dbcb14240bcc,2025-04-07 21:04:17,2025-04-07,21:04:17,2025-04-07 21:08:33+00:00,2025-04-07,21:08:33,2025-04-07 20:00:00
41,Analysis/Voice/2025/04/07/fdd4cdd6-beda-46ed-8292-08ec4e630cae_analysis_2025-04-07T21:03:37Z.json,fdd4cdd6-beda-46ed-8292-08ec4e630cae,2025-04-07 21:03:37,2025-04-07,21:03:37,2025-04-07 21:09:09+00:00,2025-04-07,21:09:09,2025-04-07 20:00:00
40,Analysis/Voice/2025/04/07/2e1fd64a-ccca-436c-8a0d-fb79965297c6_analysis_2025-04-07T21:03:08Z.json,2e1fd64a-ccca-436c-8a0d-fb79965297c6,2025-04-07 21:03:08,2025-04-07,21:03:08,2025-04-07 21:07:36+00:00,2025-04-07,21:07:36,2025-04-07 20:00:00
39,Analysis/Voice/2025/04/07/a427bc14-9a5b-4e81-b2dc-9fbd67df6ce2_analysis_2025-04-07T21:00:51Z.json,a427bc14-9a5b-4e81-b2dc-9fbd67df6ce2,2025-04-07 21:00:51,2025-04-07,21:00:51,2025-04-07 21:05:05+00:00,2025-04-07,21:05:05,2025-04-07 20:00:00
38,Analysis/Voice/2025/04/07/e9b61ea1-c006-49cb-9019-9205acb0bf8a_analysis_2025-04-07T21:00:46Z.json,e9b61ea1-c006-49cb-9019-9205acb0bf8a,2025-04-07 21:00:46,2025-04-07,21:00:46,2025-04-07 21:05:43+00:00,2025-04-07,21:05:43,2025-04-07 20:00:00
37,Analysis/Voice/2025/04/07/eceac558-4d4c-45e5-86b0-1d9124b29eac_analysis_2025-04-07T21:00:01Z.json,eceac558-4d4c-45e5-86b0-1d9124b29eac,2025-04-07 21:00:01,2025-04-07,21:00:01,2025-04-07 21:07:25+00:00,2025-04-07,21:07:25,2025-04-07 20:00:00
36,Analysis/Voice/2025/04/07/6dc28553-e537-40e9-b398-7a8d791c1d48_analysis_2025-04-07T20:59:20Z.json,6dc28553-e537-40e9-b398-7a8d791c1d48,2025-04-07 20:59:20,2025-04-07,20:59:20,2025-04-07 21:04:45+00:00,2025-04-07,21:04:45,2025-04-07 20:00:00
35,Analysis/Voice/2025/04/07/309e3a05-4973-434f-ac43-ff4384a4886b_analysis_2025-04-07T20:58:38Z.json,309e3a05-4973-434f-ac43-ff4384a4886b,2025-04-07 20:58:38,2025-04-07,20:58:38,2025-04-07 21:04:38+00:00,2025-04-07,21:04:38,2025-04-07 20:00:00
34,Analysis/Voice/2025/04/07/506d093b-8a55-4e6b-841b-88099f54351c_analysis_2025-04-07T20:56:56Z.json,506d093b-8a55-4e6b-841b-88099f54351c,2025-04-07 20:56:56,2025-04-07,20:56:56,2025-04-07 21:04:04+00:00,2025-04-07,21:04:04,2025-04-07 20:00:00
33,Analysis/Voice/2025/04/07/d26cfd05-b345-4ef8-a004-b6f1c809c44b_analysis_2025-04-07T20:54:25Z.json,d26cfd05-b345-4ef8-a004-b6f1c809c44b,2025-04-07 20:54:25,2025-04-07,20:54:25,2025-04-07 21:02:14+00:00,2025-04-07,21:02:14,2025-04-07 20:00:00
32,Analysis/Voice/2025/04/07/2ee219c2-1ffb-49fb-853f-8f0029e796c7_analysis_2025-04-07T20:54:08Z.json,2ee219c2-1ffb-49fb-853f-8f0029e796c7,2025-04-07 20:54:08,2025-04-07,20:54:08,2025-04-07 20:58:15+00:00,2025-04-07,20:58:15,2025-04-07 20:00:00
31,Analysis/Voice/2025/04/07/6071c932-c53c-4f03-8bfd-650ef85c9a28_analysis_2025-04-07T20:53:53Z.json,6071c932-c53c-4f03-8bfd-650ef85c9a28,2025-04-07 20:53:53,2025-04-07,20:53:53,2025-04-07 21:01:12+00:00,2025-04-07,21:01:12,2025-04-07 20:00:00
30,Analysis/Voice/2025/04/07/a6c7c349-c111-415d-8a8e-ca40e63fbd66_analysis_2025-04-07T20:46:28Z.json,a6c7c349-c111-415d-8a8e-ca40e63fbd66,2025-04-07 20:46:28,2025-04-07,20:46:28,2025-04-07 20:52:30+00:00,2025-04-07,20:52:30,2025-04-07 20:00:00
29,Analysis/Voice/2025/04/07/cfddc1b2-0a36-4f24-a7e2-8c9320354daf_analysis_2025-04-07T20:45:50Z.json,cfddc1b2-0a36-4f24-a7e2-8c9320354daf,2025-04-07 20:45:50,2025-04-07,20:45:50,2025-04-07 20:51:53+00:00,2025-04-07,20:51:53,2025-04-07 20:00:00
28,Analysis/Voice/2025/04/07/11bb5dc8-68c3-4e12-ad32-0d7b6cf0fba8_analysis_2025-04-07T20:45:30Z.json,11bb5dc8-68c3-4e12-ad32-0d7b6cf0fba8,2025-04-07 20:45:30,2025-04-07,20:45:30,2025-04-07 20:51:28+00:00,2025-04-07,20:51:28,2025-04-07 20:00:00
27,Analysis/Voice/2025/04/07/3982fbdf-8974-45c1-9e74-b0bd516f145c_analysis_2025-04-07T20:43:21Z.json,3982fbdf-8974-45c1-9e74-b0bd516f145c,2025-04-07 20:43:21,2025-04-07,20:43:21,2025-04-07 20:48:09+00:00,2025-04-07,20:48:09,2025-04-07 20:00:00
26,Analysis/Voice/2025/04/07/4d184ba9-8975-4204-b1e1-3a93c9055934_analysis_2025-04-07T20:42:33Z.json,4d184ba9-8975-4204-b1e1-3a93c9055934,2025-04-07 20:42:33,2025-04-07,20:42:33,2025-04-07 20:48:37+00:00,2025-04-07,20:48:37,2025-04-07 20:00:00
86,Analysis/Voice/2025/04/07/1d5fe74f-0998-426a-abb8-1fec93519547_analysis_2025-04-07T20:37:16Z.json,1d5fe74f-0998-426a-abb8-1fec93519547,2025-04-07 20:37:16,2025-04-07,20:37:16,2025-04-07 20:42:16+00:00,2025-04-07,20:42:16,2025-04-07 20:00:00
99,Analysis/Voice/2025/04/07/f057f2af-623a-4eac-a3c4-d0443529a0a9_analysis_2025-04-07T20:35:50Z.json,f057f2af-623a-4eac-a3c4-d0443529a0a9,2025-04-07 20:35:50,2025-04-07,20:35:50,2025-04-07 20:44:46+00:00,2025-04-07,20:44:46,2025-04-07 20:00:00
0,Analysis/Voice/2025/04/07/fe9a5252-6d58-4a1e-8532-1c7c8cd47de7_analysis_2025-04-07T19:58:27Z.json,fe9a5252-6d58-4a1e-8532-1c7c8cd47de7,2025-04-07 19:58:27,2025-04-07,19:58:27,2025-04-07 20:02:49+00:00,2025-04-07,20:02:49,2025-04-07 18:00:00
